task,method,classifier,primary_mean,primary_std,auc_mean,auc_std,accuracy_mean,balanced_accuracy_mean,precision_mean,recall_mean
attention_state,asr,eegnet,0.6568888888888889,0.08932929527219591,0.8257064380787037,0.07146282369123422,0.6568888888888889,0.6568888888888889,0.6709207653434027,0.6568888888888889
attention_state,asr,lightgbm,0.4812777777777778,0.033201289391888864,0.7086474016203704,0.028712482301672483,0.4812777777777777,0.4812777777777778,0.5180814184759741,0.4812777777777778
attention_state,asr,logistic_regression,0.4194583333333333,0.036852509358083825,0.616372259837963,0.04230860159740668,0.4194583333333333,0.4194583333333333,0.43718711767152596,0.4194583333333333
attention_state,asr,mlp,0.4221111111111111,0.0451286655089344,0.6210795240162037,0.04919997320113926,0.4221111111111111,0.4221111111111111,0.43730474997513136,0.4221111111111111
attention_state,asr,mobilenet,0.5604583333333333,0.06886135902649114,0.7623986834490741,0.06943145054203224,0.5604583333333333,0.5604583333333333,0.6164473164767572,0.5604583333333333
attention_state,asr,random_forest,0.4566111111111111,0.03709062558346567,0.6733703125,0.048899228815869465,0.4566111111111111,0.4566111111111111,0.47356631253000064,0.4566111111111111
attention_state,asr,svm,0.42548611111111106,0.03634657474054977,0.6177885865162037,0.040623984350389636,0.42548611111111106,0.42548611111111106,0.44322381077790035,0.42548611111111106
attention_state,asr,vit,0.6292500000000001,0.07949243888261433,0.8075469516782408,0.06403747879929156,0.6292500000000001,0.6292500000000001,0.640787554552577,0.6292500000000001
attention_state,asr20,eegnet,0.6598194444444444,0.07835835027040042,0.8317097251157408,0.06526739573357092,0.6598194444444444,0.6598194444444444,0.6782531653567624,0.6598194444444444
attention_state,asr20,lightgbm,0.4934722222222222,0.02697421036270308,0.7140967013888888,0.03131513587231465,0.4934722222222222,0.4934722222222222,0.5168232901291686,0.4934722222222222
attention_state,asr20,logistic_regression,0.43631944444444437,0.04328791467717941,0.6212191044560186,0.05993080820895807,0.43631944444444437,0.43631944444444437,0.43673864062405654,0.43631944444444437
attention_state,asr20,mlp,0.43547222222222215,0.0459177757478477,0.6321160300925925,0.059162992155904585,0.43547222222222215,0.43547222222222215,0.4416603999322488,0.43547222222222215
attention_state,asr20,mobilenet,0.5658611111111111,0.04658660460255782,0.7603347482638889,0.05647405273506988,0.5658611111111111,0.5658611111111111,0.6061887944963347,0.5658611111111111
attention_state,asr20,random_forest,0.46019444444444446,0.03546598962038261,0.6689647280092592,0.053844317367057096,0.46019444444444446,0.46019444444444446,0.47979254805277244,0.46019444444444446
attention_state,asr20,svm,0.4407361111111111,0.0473285180290611,0.6245824117476853,0.055889864705292266,0.4407361111111111,0.4407361111111111,0.441393814839221,0.4407361111111111
attention_state,asr20,vit,0.6260416666666666,0.07946571806271069,0.8123607826967593,0.06459618822343095,0.6260416666666667,0.6260416666666666,0.640656531962901,0.6260416666666666
attention_state,bandpass,eegnet,0.49766666666666665,0.03061369468831123,0.7288526331018519,0.05285828781726804,0.49766666666666665,0.49766666666666665,0.5274821916125552,0.49766666666666665
attention_state,bandpass,lightgbm,0.5282500000000001,0.04611459156878176,0.7308181944444445,0.06948419710468157,0.52825,0.5282500000000001,0.5287616220978266,0.5282500000000001
attention_state,bandpass,logistic_regression,0.47865277777777776,0.031308220457411495,0.6743372337962963,0.027154231988053706,0.47865277777777776,0.47865277777777776,0.4978619361334955,0.47865277777777776
attention_state,bandpass,mlp,0.4769861111111111,0.036203623484329046,0.6840582204861111,0.04761904883992492,0.4769861111111111,0.4769861111111111,0.49016595967138893,0.4769861111111111
attention_state,bandpass,mobilenet,0.3957222222222222,0.07862791339869132,0.6073830135995371,0.11198932584899693,0.3957222222222222,0.3957222222222222,0.2860732473614028,0.3957222222222222
attention_state,bandpass,random_forest,0.5385555555555556,0.06502217095767704,0.7235452980324074,0.0649201855746026,0.5385555555555556,0.5385555555555556,0.5689906962471347,0.5385555555555556
attention_state,bandpass,svm,0.4768055555555556,0.030050369238297632,0.6697534635416666,0.02312621681928476,0.4768055555555556,0.4768055555555556,0.4927142747808132,0.4768055555555556
attention_state,bandpass,vit,0.5221527777777778,0.04958497701913003,0.7211350882523149,0.05821954874483866,0.5221527777777778,0.5221527777777778,0.5540642778094743,0.5221527777777778
attention_state,ic_unet,eegnet,0.5178888888888888,0.06373041335516155,0.7548084490740741,0.051205675357476825,0.517888888888889,0.5178888888888888,0.6027875948609652,0.5178888888888888
attention_state,ic_unet,lightgbm,0.5801388888888889,0.05944950653420509,0.7715453703703703,0.05999761378517589,0.5801388888888889,0.5801388888888889,0.5942349764294226,0.5801388888888889
attention_state,ic_unet,logistic_regression,0.53,0.04105274573154353,0.7209525853587962,0.038964804430669055,0.53,0.53,0.5351233000714118,0.53
attention_state,ic_unet,mlp,0.5607916666666666,0.04462463689031645,0.7498005685763889,0.04457959326260907,0.5607916666666666,0.5607916666666666,0.5748537901819997,0.5607916666666666
attention_state,ic_unet,mobilenet,0.3869444444444444,0.06258928807297205,0.5837597887731482,0.09012951358899149,0.3869444444444444,0.3869444444444444,0.30857860593066433,0.3869444444444444
attention_state,ic_unet,random_forest,0.5599444444444444,0.0796462375015176,0.7497300462962964,0.07773711329779015,0.5599444444444445,0.5599444444444444,0.5836878206049873,0.5599444444444444
attention_state,ic_unet,svm,0.5220833333333333,0.04207274344205214,0.7131792679398148,0.03782423401602783,0.5220833333333333,0.5220833333333333,0.5242047713302443,0.5220833333333333
attention_state,ic_unet,vit,0.5260416666666666,0.052174891745970155,0.7284217650462963,0.04946019012725236,0.5260416666666666,0.5260416666666666,0.5406181720823063,0.5260416666666666
attention_state,ica,eegnet,0.6412222222222221,0.08032874679545543,0.8169390393518519,0.06746225797707196,0.6412222222222221,0.6412222222222221,0.6608037545523751,0.6412222222222221
attention_state,ica,lightgbm,0.4865277777777777,0.03732593345975392,0.6937951504629629,0.04634107234295117,0.4865277777777777,0.4865277777777777,0.5093452156353085,0.4865277777777777
attention_state,ica,logistic_regression,0.45605555555555555,0.05077490570530601,0.635975982349537,0.0611051665041766,0.45605555555555555,0.45605555555555555,0.4581444661530133,0.45605555555555555
attention_state,ica,mlp,0.43594444444444447,0.04986160631137566,0.6357907074652778,0.05939020116012948,0.43594444444444436,0.43594444444444447,0.44050655450153264,0.43594444444444447
attention_state,ica,mobilenet,0.5460555555555555,0.05064427502287491,0.7622643258101852,0.051946043536025305,0.5460555555555555,0.5460555555555555,0.5982315558024286,0.5460555555555555
attention_state,ica,random_forest,0.45519444444444446,0.040569594221641435,0.6592519502314815,0.06383434706275935,0.45519444444444435,0.45519444444444446,0.4762416225258292,0.45519444444444446
attention_state,ica,svm,0.45902777777777776,0.04601093536149323,0.6343449667245371,0.05701556372897838,0.45902777777777776,0.45902777777777776,0.46233684114256074,0.45902777777777776
attention_state,ica,vit,0.6031666666666666,0.07160478055804259,0.7923168749999999,0.06069987002406893,0.6031666666666666,0.6031666666666666,0.6085018109137896,0.6031666666666666
attention_state,raw,eegnet,0.6553333333333333,0.07939626064055978,0.8235821527777778,0.0651556168590871,0.6553333333333333,0.6553333333333333,0.673898456363947,0.6553333333333333
attention_state,raw,lightgbm,0.4776944444444444,0.023797888691496134,0.68966921875,0.03662517184782512,0.4776944444444444,0.4776944444444444,0.5037990037368875,0.4776944444444444
attention_state,raw,logistic_regression,0.4666944444444444,0.05291552929661333,0.6536942086226852,0.06584388299354318,0.4666944444444444,0.4666944444444444,0.4709528644279345,0.4666944444444444
attention_state,raw,mlp,0.4524583333333333,0.04205197080348068,0.6618547294560185,0.05173833134379813,0.4524583333333333,0.4524583333333333,0.4549603381303897,0.4524583333333333
attention_state,raw,mobilenet,0.5739583333333333,0.05321269087989266,0.7732990133101852,0.050249506429475656,0.5739583333333333,0.5739583333333333,0.6100365429530836,0.5739583333333333
attention_state,raw,random_forest,0.44575000000000004,0.043752566062312696,0.6496235561342594,0.06551242135260042,0.44575000000000004,0.44575000000000004,0.46439401271945224,0.44575000000000004
attention_state,raw,svm,0.47136111111111106,0.04566914193075406,0.656499074074074,0.06078324906444928,0.47136111111111106,0.47136111111111106,0.4797129097333742,0.47136111111111106
attention_state,raw,vit,0.6176944444444444,0.0773074869004561,0.8012861458333334,0.06020608626985631,0.6176944444444444,0.6176944444444444,0.6333735077605397,0.6176944444444444
bci_errp,asr,eegnet,0.6141438234515799,0.01359048402794231,0.6514513652667941,0.012847523042885172,0.6180294117647059,0.6141438234515799,0.7942511583982075,0.6234342596433016
bci_errp,asr,lightgbm,0.577881289791187,0.005375799745432073,0.6486056702533342,0.009254201553758055,0.7110588235294117,0.577881289791187,0.7468832371428678,0.8963085856491082
bci_errp,asr,logistic_regression,0.5936173688256428,0.002808102768196419,0.6196731445317825,0.007128480395929229,0.6689705882352941,0.5936173688256428,0.7628131892711522,0.7737868104520945
bci_errp,asr,mlp,0.5809784024099185,0.007052879309544237,0.6521219520071261,0.010134986608737495,0.7197647058823529,0.5809784024099185,0.7477344143210224,0.9128162588137702
bci_errp,asr,mobilenet,0.5016940388235753,0.005379058670439408,0.5073679826913972,0.020690266136106843,0.6698235294117647,0.5016940388235753,0.7108674670807504,0.9036914143508918
bci_errp,asr,random_forest,0.5600177439180635,0.00399033365030994,0.6407800194507899,0.006373847395625916,0.7031470588235293,0.5600177439180635,0.7376692353045075,0.9022397345499792
bci_errp,asr,svm,0.5922584556207037,0.004708619196683139,0.6187457511682846,0.007185599791657749,0.662264705882353,0.5922584556207037,0.7630383286256283,0.7596433015346329
bci_errp,asr,vit,0.5453262955974869,0.011716393744750555,0.5674978894760658,0.013158647155398814,0.5881764705882353,0.5453262955974869,0.7408258176135163,0.6477810037328909
bci_errp,asr20,eegnet,0.6469768448369644,0.037723499873528375,0.6924270039702594,0.04053122034932885,0.6701764705882354,0.6469768448369644,0.8066355370948581,0.702447117378681
bci_errp,asr20,lightgbm,0.5966751646795798,0.006718833310545689,0.6599068391879317,0.0060021719882081765,0.7222352941176471,0.5966751646795798,0.7565917144580079,0.8968892575694734
bci_errp,asr20,logistic_regression,0.6427771643197528,0.004514979703663486,0.6905810451675187,0.0046409218669165656,0.6737352941176471,0.6427771643197528,0.8020665599879578,0.7167980091248445
bci_errp,asr20,mlp,0.6106679907854085,0.007803183411182096,0.6594615217831652,0.007459060650396575,0.7191176470588235,0.6106679907854085,0.7658575634913088,0.8699709664039817
bci_errp,asr20,mobilenet,0.5073159377792801,0.012562672525948679,0.5201438553243707,0.026987180168897302,0.6492941176470588,0.5073159377792801,0.7141694911106746,0.8467855661551222
bci_errp,asr20,random_forest,0.5798702987109553,0.004003757076665029,0.6565035380894526,0.004777845591408867,0.7175588235294118,0.5798702987109553,0.7473188272501297,0.9090833678971381
bci_errp,asr20,svm,0.6442206033267645,0.00473682230477202,0.6923054260490447,0.005410958512772136,0.6704117647058824,0.6442206033267645,0.804638162568027,0.7068436333471588
bci_errp,asr20,vit,0.5543860105289248,0.026807459917781523,0.5841891876590232,0.0341772344701771,0.6114705882352942,0.5543860105289248,0.7451914311679798,0.6908751555371215
bci_errp,bandpass,eegnet,0.6503353353080484,0.01823406693461904,0.7041456854935606,0.025256452487191616,0.6653823529411765,0.6503353353080484,0.814213928564086,0.6863127333056822
bci_errp,bandpass,lightgbm,0.5462895877883597,0.004814466361868937,0.6051027079710075,0.004924553709922968,0.6966176470588235,0.5462895877883597,0.7308602362437138,0.9057237660721691
bci_errp,bandpass,logistic_regression,0.6426490650578176,0.0040039965679028585,0.7000466768631639,0.003905551019390995,0.6972352941176471,0.6426490650578176,0.7943990995016731,0.7731646619659892
bci_errp,bandpass,mlp,0.5797312326927602,0.012618982738999831,0.6488081882876721,0.0198311348176415,0.7114411764705882,0.5797312326927602,0.7480057464489098,0.894649523019494
bci_errp,bandpass,mobilenet,0.5107734435908221,0.013309666150798401,0.5296617835594274,0.020483790001201475,0.6580882352941176,0.5107734435908221,0.7161941490099231,0.8630029033596017
bci_errp,bandpass,random_forest,0.5307893044979637,0.0074316691589778865,0.5922074172177654,0.006499158257719616,0.6811470588235294,0.5307893044979637,0.7236945548357283,0.8902944836167566
bci_errp,bandpass,svm,0.6479920141884243,0.0045172754873744865,0.7038061773662088,0.004107704344399498,0.7032058823529412,0.6479920141884243,0.7971308184959132,0.7800082953131481
bci_errp,bandpass,vit,0.5421131827959064,0.024156746652921286,0.5634406090387041,0.02786534198341778,0.5918235294117646,0.5421131827959064,0.7388391535651008,0.6609705516383244
bci_errp,ic_unet,eegnet,0.5043081947880438,0.011617620445528654,0.5051191476209268,0.013201257858612531,0.6327647058823529,0.5043081947880438,0.7111880274161486,0.8114475321443384
bci_errp,ic_unet,lightgbm,0.4989658747256739,0.006774013252564435,0.49673681336677744,0.004630951919500484,0.622735294117647,0.4989658747256739,0.7085853811010043,0.7948983824139362
bci_errp,ic_unet,logistic_regression,0.5092133753327246,0.003438644752699823,0.5146985567916513,0.004077404548404239,0.5105294117647059,0.5092133753327246,0.7166013028990657,0.5123600165906262
bci_errp,ic_unet,mlp,0.5167595940245228,0.006886811788487622,0.5205845385931267,0.006526500087962007,0.6211176470588236,0.5167595940245228,0.7182663471137559,0.7662795520530901
bci_errp,ic_unet,mobilenet,0.5024113024270711,0.014047907624533198,0.49879420200387586,0.026934532463690715,0.6759999999999999,0.5024113024270711,0.7102820736431971,0.9174616341766901
bci_errp,ic_unet,random_forest,0.49355339258596953,0.004584457436240057,0.49353412212898495,0.004657469681832148,0.6137058823529411,0.49355339258596953,0.7057218361017841,0.7808378266279552
bci_errp,ic_unet,svm,0.5096992257008763,0.004046387444339285,0.5181938905731609,0.004206196017803169,0.5125294117647059,0.5096992257008763,0.7169387988515412,0.5164661965989217
bci_errp,ic_unet,vit,0.5106080615513913,0.010531943882437904,0.5216746299715787,0.012248291841191722,0.5708235294117647,0.5106080615513913,0.7170514495348129,0.6545831605143094
bci_errp,ica,eegnet,0.6058659984004892,0.013227213077649545,0.6433606251093006,0.012332648588310822,0.6690882352941177,0.6058659984004892,0.7722063283111076,0.7570302778929905
bci_errp,ica,lightgbm,0.5981061900733871,0.0066032787609490926,0.6480495319942008,0.005473285259217043,0.6902647058823529,0.5981061900733871,0.7623302648453744,0.8184570717544586
bci_errp,ica,logistic_regression,0.5822289061887314,0.006928150339472896,0.5938458254402744,0.006925310668769754,0.6312941176470588,0.5822289061887314,0.7612041544112003,0.6995437577768561
bci_errp,ica,mlp,0.6028631621414993,0.010885758249824908,0.6226168274075804,0.013851396592671702,0.6710882352941177,0.6028631621414993,0.7692604284308443,0.7659892160929076
bci_errp,ica,mobilenet,0.512734186377821,0.011415379908788182,0.5392743446262266,0.016330320136651505,0.6629411764705881,0.512734186377821,0.7158902481270797,0.8718788884280381
bci_errp,ica,random_forest,0.5732496700537099,0.0062747616558428655,0.6377187008147273,0.004214537164948918,0.6910000000000001,0.5732496700537099,0.7463533471666419,0.8547905433430112
bci_errp,ica,svm,0.5847436064649763,0.006675504953983841,0.5953239051381873,0.007784347862659252,0.6336764705882353,0.5847436064649763,0.7627280032054454,0.701742015761095
bci_errp,ica,vit,0.5468684563797794,0.02680572059161338,0.5670950132083361,0.04216532661232147,0.5919705882352941,0.5468684563797794,0.7420719684314414,0.6547075902115305
bci_errp,raw,eegnet,0.6612877068743319,0.019498105209650174,0.7258739749857306,0.023262943598251172,0.6476764705882353,0.6612877068743319,0.8352051782464214,0.6287432600580672
bci_errp,raw,lightgbm,0.6008480259209664,0.0065827820982407165,0.6400354123479385,0.00810264535478184,0.7160588235294117,0.6008480259209664,0.7600292377101151,0.8763168809622564
bci_errp,raw,logistic_regression,0.6550635170198605,0.004368793023737894,0.6903475350380524,0.005120461912018236,0.689764705882353,0.6550635170198605,0.8078920216145352,0.7380340107839072
bci_errp,raw,mlp,0.6267332612281341,0.01410808710244924,0.6947923634471094,0.01473570092903313,0.7362352941176471,0.6267332612281341,0.7735389353072355,0.8885524678556616
bci_errp,raw,mobilenet,0.5193447080053966,0.01477203419150469,0.5423345309394632,0.025567970920010345,0.6459705882352942,0.5193447080053966,0.7201852569743782,0.8221070095396101
bci_errp,raw,random_forest,0.5813789511251725,0.003946096365957331,0.6589224732111292,0.005399166416888019,0.7117058823529412,0.5813789511251725,0.7488238399422906,0.8929904603898796
bci_errp,raw,svm,0.6537346103698124,0.004239875091685686,0.6888054581315247,0.0052133551983579,0.6902058823529412,0.6537346103698124,0.8064764340202595,0.740937370385732
bci_errp,raw,vit,0.5892655796087951,0.028226985710566047,0.6323373994906225,0.031472937209427114,0.6418235294117647,0.5892655796087951,0.7673322356454998,0.7149315636665283
seizure_detection,asr,eegnet,0.5603965488740081,0.1113484828183013,0.624854174880739,0.16536643082329733,0.5594308774266958,0.5603965488740081,0.5739962286580178,0.5580300832568048
seizure_detection,asr,lightgbm,0.7112753630256392,0.09369501834705939,0.7867477683941948,0.12081540504558735,0.7145701986304657,0.7112753630256392,0.7453672100837887,0.650482481258835
seizure_detection,asr,logistic_regression,0.6550194062156434,0.07555376006115115,0.7031757855888773,0.09457893320959412,0.6649529526439465,0.6550194062156434,0.6635406125130292,0.5929375857018152
seizure_detection,asr,mlp,0.6690161638596811,0.0969104236598418,0.6990692261942152,0.1151085477067703,0.6749212083085643,0.6690161638596811,0.6912131381885447,0.5931935689803276
seizure_detection,asr,mobilenet,0.6600583193613383,0.05962003450809136,0.7334939771622817,0.07751512149610877,0.6589046973346153,0.6600583193613383,0.6602144922464295,0.6718481688215829
seizure_detection,asr,random_forest,0.6804101566759649,0.10977180367041618,0.7573617207500565,0.13991683357968507,0.6789782793042247,0.6804101566759649,0.7148332699460703,0.604237856899724
seizure_detection,asr,svm,0.6509651314932026,0.07746134555960241,0.6970725266793363,0.09527641017161155,0.6608132182472719,0.6509651314932026,0.6578213742843098,0.5885779953033332
seizure_detection,asr,vit,0.6574494711472769,0.07185892841322539,0.7194428877041975,0.10693013749221465,0.6765733295621025,0.6574494711472769,0.6835395471443162,0.5829597328975903
seizure_detection,asr20,eegnet,0.6601737933122201,0.12063345996817898,0.7593144567156563,0.14865609438242577,0.6608032162045359,0.6601737933122201,0.7398538758909566,0.515489331812054
seizure_detection,asr20,lightgbm,0.6857303378586272,0.11833818950646041,0.7778611918825257,0.1339637964716785,0.687447351752412,0.6857303378586272,0.7386342820894194,0.5946028561603577
seizure_detection,asr20,logistic_regression,0.6869255646273003,0.08069495429290002,0.7322444108056138,0.10438025829377155,0.6957866932027026,0.6869255646273003,0.7201817959325423,0.6037438288185573
seizure_detection,asr20,mlp,0.6498723954595759,0.09431155297937456,0.6859739288133284,0.11013554865283497,0.6563715779638672,0.6498723954595759,0.6920814541889025,0.5335989670592448
seizure_detection,asr20,mobilenet,0.6463935777135842,0.0989964248312407,0.6914241469488557,0.13613190467362413,0.6537216640871061,0.6463935777135842,0.6688262379238894,0.6188796235328811
seizure_detection,asr20,random_forest,0.6709012589611879,0.12531379995313877,0.7623425271547333,0.1471165953477184,0.6698131792041611,0.6709012589611879,0.7160509146604539,0.5789513212714729
seizure_detection,asr20,svm,0.6800321170534612,0.07754371939978744,0.7241550126926862,0.1018851404409215,0.6883344655628116,0.6800321170534612,0.7083355359323275,0.6024112364369626
seizure_detection,asr20,vit,0.6826599262112949,0.08939787366802816,0.7635508920918834,0.11490822006322989,0.6949716265254896,0.6826599262112949,0.732228040619572,0.5801726728901839
seizure_detection,bandpass,eegnet,0.6820938190452652,0.10380709675156122,0.7590238265462635,0.12003148566863449,0.6875981549093871,0.6820938190452652,0.7982291833099279,0.4796791411318867
seizure_detection,bandpass,lightgbm,0.6882192395432475,0.12485450264681842,0.7945238946916456,0.1338979706666502,0.6915414658749959,0.6882192395432475,0.7390329325700381,0.5851477309125956
seizure_detection,bandpass,logistic_regression,0.6826865602348203,0.09772175488952867,0.7504238620033223,0.09668273637102998,0.6853531685612982,0.6826865602348203,0.7360320460317632,0.5533910855612546
seizure_detection,bandpass,mlp,0.6847067368863402,0.09881677143454563,0.7491982459109001,0.08395269891228156,0.6908534424503723,0.6847067368863402,0.7360543616578051,0.5661798983709193
seizure_detection,bandpass,mobilenet,0.6813872019938427,0.1095278689958297,0.7908355614787088,0.12728413819153592,0.6877645041272945,0.6813872019938427,0.7025758152024885,0.6387821798117989
seizure_detection,bandpass,random_forest,0.6733888347275485,0.1359492992551283,0.7718266728689186,0.1523089498706981,0.672246979222574,0.6733888347275485,0.7268103139419257,0.565469441670561
seizure_detection,bandpass,svm,0.6837792969864349,0.09750534709848567,0.7459007468113479,0.09861973004202917,0.6857273876429515,0.6837792969864349,0.7282622879487223,0.5667771912516195
seizure_detection,bandpass,vit,0.7195938306237688,0.11085138911984366,0.8003092848912156,0.11490996659724899,0.7282875778271203,0.7195938306237688,0.785612160962563,0.581844572008227
seizure_detection,ic_unet,eegnet,0.6681400026709644,0.11916759064142798,0.749872817231614,0.14601515393475273,0.6736931426655629,0.6681400026709644,0.7550302539435346,0.5093739389425092
seizure_detection,ic_unet,lightgbm,0.6638665755308817,0.10872770357461954,0.7463799317523863,0.13277868797290135,0.6628826805623406,0.6638665755308817,0.6904064022822715,0.5860182591865024
seizure_detection,ic_unet,logistic_regression,0.6482120053028865,0.11823094448960786,0.747064251983921,0.14751721142387497,0.6371371300608486,0.6482120053028865,0.7430676040449604,0.4448235316175772
seizure_detection,ic_unet,mlp,0.659860172607271,0.10900913280008898,0.7563373188450265,0.13463036600764744,0.6573692841964631,0.659860172607271,0.6961361913545658,0.5339478321885882
seizure_detection,ic_unet,mobilenet,0.6599718113310766,0.1143297625810795,0.7613404060941462,0.13783224434095073,0.6646218997275967,0.6599718113310766,0.7063766756279738,0.5724513763846912
seizure_detection,ic_unet,random_forest,0.6629146146462,0.1121748178726731,0.7498345328218787,0.14437961094292356,0.6596867901857798,0.6629146146462,0.6919552252513947,0.5856045714535397
seizure_detection,ic_unet,svm,0.6424736235672265,0.11858559434654148,0.7405654180554821,0.14391608199155947,0.6317846470475951,0.6424736235672265,0.7203308138079876,0.4459549557316014
seizure_detection,ic_unet,vit,0.7066450333955306,0.10513532728048786,0.7977229893160084,0.1177611768946168,0.7163278827819508,0.7066450333955306,0.7793212805196058,0.5736816307932133
seizure_detection,ica,eegnet,0.621206829369948,0.1275881717722738,0.6884737362616751,0.16354478642153517,0.6248717353202639,0.621206829369948,0.7408165926936696,0.38104573831149485
seizure_detection,ica,lightgbm,0.6663379502427974,0.10661161042561672,0.7618417642861974,0.1433996985503606,0.6771803446724559,0.6663379502427974,0.7027166028669767,0.5765735488156807
seizure_detection,ica,logistic_regression,0.6449124089833026,0.09522378153337886,0.6936975971379646,0.10807549693555871,0.6553096005088059,0.6449124089833026,0.6915804655686373,0.5118153752590388
seizure_detection,ica,mlp,0.6589547041270686,0.09767458195389446,0.7022775663482477,0.1003758804352027,0.6700454984127349,0.6589547041270686,0.6985736255365684,0.5482346418806202
seizure_detection,ica,mobilenet,0.6395002145258541,0.08077766074740377,0.7076301146849449,0.12394755899144005,0.6554397738419956,0.6395002145258541,0.6540945587678182,0.6082993469106299
seizure_detection,ica,random_forest,0.625260266135949,0.12467044317465632,0.7306755356041474,0.16432923524869075,0.6331547770702113,0.625260266135949,0.6858019300923588,0.480032230279554
seizure_detection,ica,svm,0.6410898755911626,0.09237449350961456,0.6849010673005471,0.10462261432212841,0.6514422763623661,0.6410898755911626,0.6788749639330454,0.5230416953336458
seizure_detection,ica,vit,0.646054719906229,0.08072129364459653,0.7113669706620674,0.10606330184671314,0.6567482065195109,0.646054719906229,0.7057158336198444,0.48860611617105576
seizure_detection,raw,eegnet,0.676437271127863,0.09517715349871952,0.7730566035789389,0.1279682175044747,0.6843302425483859,0.676437271127863,0.7881348476976177,0.4947889465078589
seizure_detection,raw,lightgbm,0.684777825945175,0.12461873469286217,0.7886887355009156,0.13298221374322486,0.6879367440437368,0.684777825945175,0.7406009791676382,0.5735786588300553
seizure_detection,raw,logistic_regression,0.6855586553599082,0.08679194531724137,0.7387874170525743,0.08919907929119861,0.6896333382016924,0.6855586553599082,0.7433566070773356,0.559086240386427
seizure_detection,raw,mlp,0.6839576916121766,0.09616292675711677,0.729541972218979,0.09205648043342507,0.6856318718258303,0.6839576916121766,0.7360116013751343,0.5528112425323706
seizure_detection,raw,mobilenet,0.6920837842570743,0.11043064287569057,0.7643517753211349,0.13220221020024667,0.6963879144190246,0.6920837842570743,0.7133985987639633,0.6011589672603159
seizure_detection,raw,random_forest,0.6814577298598368,0.13216958520531563,0.7738642497288618,0.1487690979636256,0.6818306837236072,0.6814577298598368,0.7426281211804034,0.5643239921889689
seizure_detection,raw,svm,0.6828069238367427,0.0829713061273548,0.7274970752834117,0.0873326063539035,0.6866445391151915,0.6828069238367427,0.730324742935627,0.5714110590214134
seizure_detection,raw,vit,0.7068342271344374,0.09998624951001128,0.7880205661785121,0.11774117696507494,0.7171859230996562,0.7068342271344374,0.7642563887943805,0.5846078551731959
